,id,interest_rate,balance
0,8936717,1,23431772472.63
1,6564763,2,13975175161.25
2,4638078,2,26265234964.75001
3,3598345,2,26183854198.279987
4,3435348,1,32708257413.199997
5,6105615,2,3146636971.2699995
6,7628543,2,14726828094.090002
7,9932206,1,35479646308.090004
8,9637854,2,20297689889.23
9,3473054,1,13095055241.31
